{"c":{"33":{"paths":[{"my":148.24016967773437,"mx":0,"dy":4.59,"d":"M 0,0 c -0.45,0,-0.67,0.02,-1.22,0.07 V 1.92 C 1.26,1.99,1.73,2.01,2.5,2.01 h 3.11 c 0.77,0,1.24,-0.02,1.71,-0.09 v 2.74 C 6.9,4.6,6.55,4.59,6.19,4.59 H 5.35 v 6.55 c 0.72,-0.22,1.08,-0.32,2.18,-0.67 l 0.02,2.54 c -2.25,0.77,-3.58,1.19,-5.56,1.76 c -0.31,0.09,-0.56,0.18,-0.9,0.32 l -0.56,-2.86 c 0.56,-0.04,1.31,-0.18,2.12,-0.4 V 4.59 H 2.03 z  M 17.45,5.77 c -0.47,-0.05,-0.76,-0.07,-1.44,-0.07 c -0.22,2.45,-0.92,4.56,-2.21,6.61 c 1.21,1.06,2.23,1.66,3.96,2.34 c -0.68,0.94,-1.06,1.67,-1.46,2.88 c -1.67,-0.77,-2.83,-1.57,-4.32,-3.01 c -1.55,1.51,-3.01,2.38,-5.19,3.1 c -0.4,-1.03,-0.74,-1.67,-1.35,-2.52 c 2,-0.54,3.44,-1.33,4.79,-2.63 c -0.77,-1.1,-1.39,-2.36,-1.75,-3.55 c -0.34,0.45,-0.5,0.65,-0.97,1.13 c -0.58,-0.95,-1.06,-1.55,-1.78,-2.2 c 1.33,-1.31,2.23,-2.77,2.9,-4.72 c 0.45,-1.31,0.59,-1.98,0.61,-2.79 l 2.92,0.45 c -0.11,0.29,-0.11,0.29,-0.2,0.65 c -0.09,0.41,-0.25,1.01,-0.43,1.6 h 3.85 c 0.9,0,1.48,-0.02,2.07,-0.09 V 5.77 z  M 10.46,5.7 c -0.09,0.2,-0.13,0.25,-0.22,0.43 c 0.32,1.51,0.88,2.83,1.69,4.07 c 0.77,-1.4,1.15,-2.72,1.33,-4.5 H 10.46 z"},{"my":151.30016967773437,"mx":27.919999999999998,"dy":1.53,"d":"M 0,0 c 0.02,0.88,0.16,1.78,0.38,2.67 c 0.95,-0.36,2.05,-0.56,3.08,-0.56 c 0.07,0,0.22,0,0.4,0 c 0.38,-1.57,0.45,-2,0.47,-2.67 l 3.17,0.59 c -0.07,0.16,-0.18,0.5,-0.32,1.01 c -0.27,0.94,-0.4,1.44,-0.41,1.49 c 1.06,0.32,1.69,0.65,2.39,1.24 c 1.35,1.13,2.05,2.68,2.05,4.56 c 0,2.86,-1.6,5.17,-4.36,6.28 c -0.97,0.4,-1.87,0.67,-3.24,0.94 c -0.36,-1.26,-0.7,-1.96,-1.44,-3.01 c 1.89,-0.16,3.33,-0.58,4.23,-1.19 C 37.46,12.11,38,11.03,38,9.61 s -0.65,-2.34,-2.07,-2.93 c -0.97,2.83,-1.89,4.74,-3.04,6.28 c -1.49,2.02,-2.86,2.94,-4.39,2.94 c -2.18,0,-3.66,-1.87,-3.66,-4.63 c 0,-2.29,1.01,-4.3,2.9,-5.74 c -0.22,-0.86,-0.32,-1.31,-0.52,-2.3 c -0.13,-0.61,-0.16,-0.72,-0.32,-1.1 L 29.95,1.53 z  M 27.63,11.07 c 0,1.1,0.4,1.78,1.01,1.78 c 0.36,0,0.74,-0.25,1.12,-0.76 c -0.56,-1.21,-0.86,-2.07,-1.24,-3.49 C 27.97,9.27,27.63,10.22,27.63,11.07 z  M 31.7,9.5 c 0.65,-1.24,0.95,-1.98,1.33,-3.19 c -0.92,0.04,-1.48,0.16,-2.18,0.5 C 31.11,7.86,31.32,8.51,31.7,9.5 z"},{"my":140.59016967773437,"mx":54.85,"dy":12.24,"d":"M 0,0 c -1.04,2.3,-2.25,3.31,-3.89,3.31 c -2.41,0,-4.1,-2.3,-4.1,-5.6 c 0,-2.11,0.72,-4.02,2.07,-5.49 c 1.58,-1.73,3.87,-2.65,6.52,-2.65 c 2.41,0,4.54,0.81,5.87,2.21 C 64.5,5.25,65.11,7,65.11,9.03 c 0,2.34,-0.88,4.47,-2.39,5.82 c -1.22,1.1,-2.65,1.67,-5.17,2.07 c -0.43,-1.3,-0.77,-1.94,-1.53,-2.95 c 1.69,-0.13,2.81,-0.41,3.78,-0.92 c 1.39,-0.74,2.16,-2.25,2.16,-4.18 c 0,-1.53,-0.54,-2.75,-1.58,-3.55 c -0.47,-0.36,-0.86,-0.52,-1.51,-0.63 C 58.47,7.79,57.85,10.11,56.88,12.24 z  M 53.79,5.65 c -1.19,1.01,-1.96,2.68,-1.96,4.29 c 0,1.28,0.49,2.29,1.12,2.29 c 0.45,0,0.92,-0.63,1.46,-2 c 0.63,-1.62,1.15,-3.71,1.35,-5.49 C 54.99,4.84,54.42,5.11,53.79,5.65 z"},{"my":146.57016967773438,"mx":84.59,"dy":6.26,"d":"M 0,0 c 0.29,0.74,0.76,1.37,1.03,1.37 c 0.18,0,0.25,-0.18,0.36,-0.99 c 0.59,0.56,1.08,0.86,1.73,1.12 c -0.14,0.7,-0.25,1.03,-0.45,1.42 c -0.25,0.49,-0.43,0.65,-0.86,0.88 c -0.04,0.47,-0.05,0.85,-0.05,1.8 v 3.38 c 0,0.94,0.04,1.57,0.11,2.23 H 85.7 v -0.74 h -3.29 v 0.74 h -2.74 c 0.07,-0.63,0.11,-1.28,0.11,-2.25 v -3.37 c 0,-0.88,0,-1.21,-0.02,-1.6 c -0.32,0.07,-0.34,0.07,-0.63,0.16 l -0.18,-1.8 c -0.22,1.21,-0.47,2.12,-0.86,3.26 c 0.56,0.49,0.81,0.72,1.55,1.48 l -1.48,2.56 c -0.65,-0.79,-0.92,-1.1,-1.3,-1.51 c -0.79,1.28,-1.55,2.12,-2.72,3.06 c -0.52,-0.9,-0.97,-1.48,-1.78,-2.25 c 1.13,-0.76,1.93,-1.53,2.63,-2.54 c -0.76,-0.63,-1.24,-0.97,-2.47,-1.78 c 0.58,-1.46,0.95,-2.84,1.31,-4.79 h -0.18 c -0.4,0,-0.72,0.02,-1.13,0.07 V 3.58 c 0.49,0.07,0.76,0.09,1.37,0.09 h 0.32 c 0.11,-1.03,0.2,-2.21,0.2,-2.92 c 0,-0.07,0,-0.2,0,-0.34 l 2.84,0.25 c -0.02,0.11,-0.16,1.12,-0.43,3.01 h 1.15 c 0.67,0,0.99,-0.02,1.4,-0.09 c -0.02,0.27,-0.04,0.36,-0.04,0.67 c -0.02,0.32,-0.02,0.32,-0.05,0.74 c 0,0.07,0,0.18,-0.02,0.32 c -0.05,1.33,-0.09,1.6,-0.22,2.56 c 0.27,-0.02,0.31,-0.02,0.77,-0.07 V 3.11 c 0,-1.03,-0.02,-1.3,-0.07,-1.71 c 0.23,0.02,0.4,0.02,0.52,0.02 c 2.81,0,5.96,-0.47,7.08,-1.04 l 1.62,2.25 L 88.01,2.8 c -0.49,0.11,-1.03,0.2,-1.75,0.29 c 0,0.58,0,0.72,0.04,1.1 l 1.21,-0.02 c 0.88,-0.02,1.17,-0.05,1.62,-0.14 l 0.05,2.25 c -0.31,-0.02,-0.54,-0.04,-0.74,-0.04 c -0.09,0,-0.09,0,-0.95,0 L 86.62,6.26 z  M 76.23,6.1 c -0.2,1.21,-0.5,2.47,-0.86,3.69 c 0.32,0.23,0.43,0.31,0.7,0.49 c 0.45,-1.19,0.7,-2.41,0.88,-4.18 H 76.23 z  M 86.35,9.83 c -1.21,-0.81,-1.89,-1.85,-2.27,-3.49 l -1.71,0.04 v 0.97 c 0.7,-0.16,0.95,-0.22,1.76,-0.45 l 0.11,2.2 c -0.92,0.31,-1.35,0.43,-2.57,0.74 H 86.35 z  M 83.81,4.24 c 0,-0.18,0,-0.18,-0.04,-0.9 c -0.54,0.04,-0.72,0.05,-1.4,0.09 v 0.83 L 83.81,4.24 z  M 82.41,12.44 h 3.29 v -0.68 h -3.29 V 12.44 z  M 82.41,14.83 h 3.29 v -0.7 h -3.29 V 14.83 z"},{"my":143.36016967773438,"mx":97.73,"dy":9.47,"d":"M 0,0 C 98.44,8.4,97.7,7.9,96.33,7.11 l 1.55,-2.07 c 1.35,0.7,2.09,1.15,3.29,2.05 V 5.32 c 0.63,0.07,1.26,0.11,2.14,0.11 h 2.29 V 3.96 c -1.12,0.13,-1.84,0.16,-3.29,0.23 c -0.22,-0.99,-0.41,-1.49,-0.92,-2.41 c 2.59,-0.07,5.04,-0.32,7.17,-0.74 c 1.44,-0.27,1.84,-0.38,2.54,-0.7 l 1.8,2.48 c -0.14,0.04,-0.14,0.04,-0.36,0.07 c -1.08,0.29,-2.34,0.5,-4.14,0.76 v 1.78 h 2.75 c 0.9,0,1.55,-0.04,2.16,-0.11 V 8.1 c -0.54,-0.07,-1.21,-0.11,-2.14,-0.11 h -2.77 v 1.66 h 2.56 c 0.68,0,1.13,-0.02,1.48,-0.05 c -0.05,0.52,-0.07,1.01,-0.07,1.6 v 4.25 c 0,0.76,0.04,1.4,0.09,1.94 h -2.85 v -0.76 h -5.1 v 0.76 h -2.75 c 0.04,-0.61,0.07,-1.35,0.07,-1.96 V 11.1 c 0,-0.54,-0.02,-1.08,-0.05,-1.51 c 0.43,0.04,0.85,0.05,1.53,0.05 h 2.3 V 7.99 h -2.27 c -0.86,0,-1.55,0.04,-2.16,0.11 V 7.32 L 99.76,9.47 z  M 101.18,11.41 c -0.54,1.73,-0.9,2.72,-1.51,4.12 c -0.05,0.11,-0.34,0.72,-0.9,1.82 l -2.4,-2 c 0.83,-1.01,1.67,-2.83,2.57,-5.49 L 101.18,11.41 z  M 98.5,0.45 c 1.49,0.94,2.05,1.33,3.28,2.34 l -1.66,2.16 c -1.21,-1.08,-1.91,-1.6,-3.31,-2.5 L 98.5,0.45 z  M 104.53,14.15 h 5.1 v -2.05 h -5.1 V 14.15 z"},{"my":140.97016967773436,"mx":119.45,"dy":11.86,"d":"M 0,0 c 0.04,-0.36,0.04,-0.52,0.04,-0.81 c 0,-0.34,0,-0.34,-0.07,-1.4 l -0.36,-5.71 c -0.04,-0.74,-0.13,-1.55,-0.22,-2.43 h 4.2 c -0.05,0.41,-0.16,1.67,-0.22,2.43 l -0.36,5.71 c -0.04,0.76,-0.05,1.12,-0.05,1.39 c 0,0.18,0,0.38,0.02,0.83 H 121.48 z  M 121.16,16.49 v -3.4 h 3.62 v 3.4 H 121.16 z"},{"my":115.81016967773436,"mx":0,"dy":37.02,"d":"M 0,0 c 0.09,-0.81,0.11,-1.08,0.11,-2.36 v -2.77 c 0,-1.03,-0.02,-1.31,-0.05,-1.84 c 0.85,0.09,1.13,0.11,2.05,0.11 h 9.31 c 0.83,0,1.08,-0.04,1.53,-0.23 l 1.58,1.46 c -0.2,0.32,-0.23,0.43,-0.29,0.92 c -0.45,3.76,-1.06,5.78,-2.3,7.71 c -1.01,1.53,-2.43,2.81,-4.39,3.91 c -0.79,0.45,-1.35,0.7,-2.54,1.19 c -0.58,-1.15,-1.1,-1.89,-2.14,-2.99 c 1.67,-0.47,2.57,-0.85,3.66,-1.51 c 2.68,-1.69,3.87,-3.76,4.23,-7.47 h -7.4 v 1.58 c 0,1.33,0,1.73,0.09,2.3 H 2.03 z"},{"my":122.93016967773437,"mx":19.68,"dy":29.9,"d":"M 0,0 c 2.27,1.33,3.44,2.16,4.95,3.53 l -2.12,2.81 c -1.57,-1.64,-3.1,-2.83,-4.9,-3.8 L 21.71,29.9 z  M 19.82,41.08 c 1.84,-0.14,3.73,-0.59,5.42,-1.3 c 2.27,-0.94,3.89,-2.29,5.28,-4.45 c 0.76,-1.15,1.24,-2.14,1.76,-3.53 c 0.88,1.06,1.3,1.42,2.65,2.41 c -1.64,3.55,-3.35,5.67,-5.87,7.29 c -1.94,1.26,-3.65,1.93,-7,2.7 c -0.7,0.16,-0.81,0.18,-1.3,0.32 L 19.82,41.08 z"},{"my":119.04016967773438,"mx":35.75,"dy":33.79,"d":"M 0,0 c 0.81,0.11,1.39,0.14,2.9,0.14 h 9.04 c 0.86,0,0.99,-0.02,1.44,-0.2 l 1.4,1.51 c -0.22,0.32,-0.25,0.4,-0.5,1.13 c -0.94,2.68,-2.23,4.7,-4,6.18 c -1.37,1.15,-2.66,1.85,-5.13,2.81 c -0.47,-1.06,-0.97,-1.8,-2.02,-2.95 c 2.16,-0.56,3.46,-1.13,4.75,-2.11 c 1.31,-0.97,2.11,-2,2.77,-3.6 h -7.8 c -1.42,0,-1.73,0.02,-2.86,0.11 V 33.79 z  M 39.28,29.29 c 0.7,0.11,1.37,0.14,2.65,0.14 h 5.74 c 1.42,0,2.2,-0.04,2.83,-0.14 v 3.02 c -0.68,-0.05,-1.53,-0.09,-2.77,-0.09 h -5.83 c -1.42,0,-1.82,0.02,-2.61,0.09 V 29.29 z"},{"my":122.93016967773437,"mx":55.68,"dy":29.9,